gene,locus
thrL,b0001
thrA,b0002
thrB,b0003
thrC,b0004
yaaX,b0005
yaaA,b0006
yaaJ,b0007
talB,b0008
mog,b0009
satP,b0010
yaaW,b0011
yaaI,b0013
dnaK,b0014
dnaJ,b0015
insL1_0,b0016
mokC,b0018
hokC,b4412
sokC,b4413
nhaA,b0019
nhaR,b0020
insB1_0,b0021
insA_0,b0022
rpsT,b0023
yaaY,b0024
ribF,b0025
ileS,b0026
lspA,b0027
fkpB,b0028
ispH,b0029
rihC,b0030
dapB,b0031
carA,b0032
carB,b0033
caiF,b0034
caiE,b0035
caiD,b0036
caiC,b0037
caiB,b0038
caiA,b0039
caiT,b0040
fixA,b0041
fixB,b0042
fixC,b0043
fixX,b0044
yaaU,b0045
kefF,b0046
kefC,b0047
folA,b0048
apaH,b0049
apaG,b0050
rsmA,b0051
pdxA,b0052
surA,b0053
lptD,b0054
djlA,b0055
yabP,b4659
rluA,b0058
rapA,b0059
polB,b0060
araD,b0061
araA,b0062
araB,b0063
araC,b0064
yabI,b0065
thiQ,b0066
thiP,b0067
thiB,b0068
sgrR,b0069
sgrS,b4577
sgrT,b4662
setA,b0070
leuD,b0071
leuC,b0072
leuB,b0073
leuA,b0074
leuL,b0075
leuO,b0076
ilvI,b0077
ilvH,b0078
cra,b0080
mraZ,b0081
rsmH,b0082
ftsL,b0083
ftsI,b0084
murE,b0085
murF,b0086
mraY,b0087
murD,b0088
ftsW,b0089
murG,b0090
murC,b0091
ddlB,b0092
ftsQ,b0093
ftsA,b0094
ftsZ,b0095
lpxC,b0096
secM,b0097
secA,b0098
mutT,b0099
yacG,b0101
zapD,b0102
coaE,b0103
guaC,b0104
hofC,b0106
hofB,b0107
ppdD,b0108
nadC,b0109
ampD,b0110
ampE,b0111
aroP,b0112
pdhR,b0113
aceE,b0114
aceF,b0115
lpd,b0116
yacH,b0117
acnB,b0118
yacL,b0119
speD,b0120
speE,b0121
yacC,b0122
cueO,b0123
gcd,b0124
hpt,b0125
can,b0126
yadG,b0127
yadH,b0128
yadI,b0129
yadE,b0130
panD,b0131
yadD,b0132
panC,b0133
panB,b0134
yadC,b0135
yadK,b0136
yadL,b0137
yadM,b0138
htrE,b0139
yadV,b0140
yadN,b0141
folK,b0142
pcnB,b0143
gluQ,b0144
dksA,b0145
sfsA,b0146
ligT,b0147
hrpB,b0148
mrcB,b0149
fhuA,b0150
fhuC,b0151
fhuD,b0152
fhuB,b0153
hemL,b0154
clcA,b0155
erpA,b0156
yadS,b0157
btuF,b0158
mtn,b0159
dgt,b0160
degP,b0161
cdaR,b0162
yaeH,b0163
yaeI,b0164
dapD,b0166
glnD,b0167
map,b0168
tff,b4414
rpsB,b0169
tsf,b0170
pyrH,b0171
frr,b0172
dxr,b0173
ispU,b0174
cdsA,b0175
rseP,b0176
bamA,b0177
skp,b0178
lpxD,b0179
fabZ,b0180
lpxA,b0181
lpxB,b0182
rnhB,b0183
dnaE,b0184
accA,b0185
ldcC,b0186
yaeR,b0187
tilS,b0188
rof,b0189
yaeP,b4406
yaeQ,b0190
arfB,b0191
nlpE,b0192
yaeF,b0193
proS,b0194
tsaA,b0195
rcsF,b0196
metQ,b0197
metI,b0198
metN,b0199
gmhB,b0200
rrsH,b0201
ileV,b0202
alaV,b0203
rrlH,b0204
rrfH,b0205
aspU,b0206
dkgB,b0207
yafC,b0208
yafD,b0209
yafE,b0210
mltD,b0211
gloB,b0212
yafS,b0213
rnhA,b0214
dnaQ,b0215
aspV,b0216
yafT,b0217
ykfM,b4586
yafU,b0218
yafF,b4503
yafV,b0219
ivy,b0220
fadE,b0221
gmhA,b0222
yafJ,b0223
yafK,b0224
yafQ,b0225
dinJ,b0226
yafL,b0227
rayT,b0228
lfhA,b0229
lafU,b0230
dinB,b0231
yafN,b0232
yafO,b0233
yafP,b0234
ykfJ,b0235
prfH,b0236
pepD,b0237
gpt,b0238
frsA,b0239
crl,b0240
phoE,b0241
proB,b0242
proA,b0243
thrW,b0244
ykfN,b4626
ykfI,b0245
yafW,b0246
ykfH,b4504
ykfG,b0247
yafX,b0248
ykfF,b0249
ykfB,b0250
yafY,b0251
ykfL,b4627
ykfK,b4628
yafZ,b0252
ykfA,b0253
perR,b0254
insN,b4587
insI1_0,b0256
eyeA,b4690
ykfC,b0258
insH1_0,b0259
mmuP,b0260
mmuM,b0261
afuC,b0262
afuB,b0263
insB1_1,b0264
insA_1,b0265
insI1_1,b4708
insX,b4505
yagB,b0266
yagA,b0267
yagE,b0268
yagF,b0269
yagG,b0270
yagH,b0271
yagI,b0272
argF,b0273
ykgS,b4688
insB1_2,b0274
insA_2,b0275
yagJ,b0276
yagK,b0277
yagL,b0278
yagM,b0279
yagN,b0280
intF,b0281
ptwF,b4629
yagP,b4694
ykgT,b4695
paoD,b0283
paoC,b0284
paoB,b0285
paoA,b0286
yagU,b0287
ykgJ,b0288
ecpE,b0289
ecpD,b0290
ecpC,b0291
ecpB,b0292
ecpA,b0293
ecpR,b0294
ykgL,b0295
ykgO,b4506
ykgM,b0296
ykgR,b4671
ykgP,b4630
eaeH,b0297
insE1_0,b0298
insF1_0,b0299
ykgA,b0300
ykgQ,b4631
rclC,b0301
rclB,b0303
rclA,b0304
rclR,b0305
ykgE,b0306
ykgF,b0307
ykgG,b0308
ykgH,b0310
betA,b0311
betB,b0312
betI,b0313
betT,b0314
yahA,b0315
yahB,b0316
yahC,b0317
yahD,b0318
yahE,b0319
yahF,b0320
yahG,b0321
yahI,b0323
yahJ,b0324
yahK,b0325
yahL,b0326
yahM,b0327
yahN,b0328
yahO,b0329
prpR,b0330
prpB,b0331
prpC,b0333
prpD,b0334
prpE,b0335
codB,b0336
codA,b0337
cynR,b0338
cynT,b0339
cynS,b0340
cynX,b0341
lacA,b0342
lacY,b0343
lacZ,b0344
lacI,b0345
mhpR,b0346
mhpA,b0347
mhpB,b0348
mhpC,b0349
mhpD,b0350
mhpF,b0351
mhpE,b0352
mhpT,b0353
yaiL,b0354
frmB,b0355
frmA,b0356
frmR,b0357
yaiO,b0358
yaiX,b4579
insC1_0,b0360
insD1_0,b0361
yaiP,b0363
yaiS,b0364
tauA,b0365
tauB,b0366
tauC,b0367
tauD,b0368
hemB,b0369
yaiT,b4580
insF1_1,b0372
insE1_1,b0373
yaiV,b0375
ampH,b0376
sbmA,b0377
yaiW,b0378
yaiY,b0379
yaiZ,b0380
ddlA,b0381
iraP,b0382
phoA,b0383
psiF,b0384
yaiC,b0385
proC,b0386
yaiI,b0387
aroL,b0388
yaiA,b0389
aroM,b0390
yaiE,b0391
ykiA,b0392
rdgC,b0393
mak,b0394
araJ,b0396
sbcC,b0397
sbcD,b0398
phoB,b0399
phoR,b0400
brnQ,b0401
proY,b0402
malZ,b0403
acpH,b0404
queA,b0405
tgt,b0406
yajC,b0407
secD,b0408
secF,b0409
yajD,b0410
tsx,b0411
yajI,b0412
nrdR,b0413
ribD,b0414
ribE,b0415
nusB,b0416
thiL,b0417
pgpA,b0418
yajO,b0419
dxs,b0420
ispA,b0421
xseB,b0422
thiI,b0423
yajL,b0424
panE,b0425
yajQ,b0426
yajR,b0427
cyoE,b0428
cyoD,b0429
cyoC,b0430
cyoB,b0431
cyoA,b0432
ampG,b0433
yajG,b0434
bolA,b0435
tig,b0436
clpP,b0437
clpX,b0438
lon,b0439
hupB,b0440
ppiD,b0441
ybaV,b0442
fadM,b0443
queC,b0444
ybaE,b0445
cof,b0446
ybaO,b0447
mdlA,b0448
mdlB,b0449
glnK,b0450
amtB,b0451
tesB,b0452
ybaY,b0453
ybaZ,b0454
ffs,b0455
ybaA,b0456
ylaB,b0457
ylaC,b0458
maa,b0459
hha,b0460
tomB,b0461
acrB,b0462
acrA,b0463
acrR,b0464
mscK,b0465
ybaM,b0466
priC,b0467
ybaN,b0468
apt,b0469
dnaX,b0470
ybaB,b0471
recR,b0472
htpG,b0473
adk,b0474
hemH,b0475
aes,b0476
gsk,b0477
ybaL,b0478
fsr,b0479
ushA,b0480
ybaK,b0481
chiX,b4585
ybaP,b0482
ybaQ,b0483
copA,b0484
glsA,b0485
ybaT,b0486
cueR,b0487
ybbJ,b0488
qmcA,b0489
fetA,b0490
fetB,b0491
ybbN,b0492
ybbO,b0493
tesA,b0494
ybbA,b0495
ybbP,b0496
rhsD,b0497
ybbC,b0498
rhsH,b0499
ybbD,b0501
ylbI,b4632
ylbG,b0502
mnmH,b0503
allS,b0504
allA,b0505
allR,b0506
gcl,b0507
hyi,b0508
glxR,b0509
ybbW,b0511
allB,b0512
ybbY,b0513
glxK,b0514
allE,b0515
allC,b0516
allD,b0517
fdrA,b0518
ylbE,b4572
ylbF,b0520
ybcF,b0521
purK,b0522
purE,b0523
lpxH,b0524
ppiB,b0525
cysS,b0526
ybcI,b0527
ybcJ,b0528
folD,b0529
sfmA,b0530
sfmC,b0531
sfmD,b0532
sfmH,b0533
sfmF,b0534
sfmZ,b0535
argU,b0536
intD,b0537
xisD,b4633
exoD,b0539
peaD,b4508
renD,b0542
insE1_2,b0540
insF1_2,b0541
emrE,b0543
ybcK,b0544
ybcL,b0545
ybcM,b0546
ylcH,b4588
ybcN,b0547
ninE,b0548
ybcO,b0549
rusA,b0550
ylcG,b4509
quuD,b0551
nmpC,b0553
insH1_1,b0552
essD,b0554
rrrD,b0555
rzpD,b0556
rzoD,b4510
borD,b0557
ybcV,b0558
ybcW,b0559
ylcI,b4589
nohD,b0560
aaaD,b4634
tfaD,b0561
ybcY,b0562
tfaX,b0563
appY,b0564
ompT,b0565
pauD,b4635
envY,b0566
ybcH,b0567
nfrA,b0568
nfrB,b0569
cusS,b0570
cusR,b0571
cusC,b0572
cusF,b0573
cusB,b0574
cusA,b0575
pheP,b0576
ybdG,b0577
nfsB,b0578
ybdF,b0579
ybdJ,b0580
ybdK,b0581
sokE,b4700
hokE,b4415
insL1_1,b0582
entD,b0583
fepA,b0584
fes,b0585
ybdZ,b4511
entF,b0586
fepE,b0587
fepC,b0588
fepG,b0589
fepD,b0590
entS,b0591
fepB,b0592
entC,b0593
entE,b0594
entB,b0595
entA,b0596
entH,b0597
cstA,b0598
ybdD,b4512
ybdH,b0599
ybdL,b0600
ybdM,b0601
ybdN,b0602
ybdO,b0603
dsbG,b0604
ahpC,b0605
ahpF,b0606
uspG,b0607
ybdR,b0608
rnk,b0610
rna,b0611
citT,b0612
citG,b0613
citX,b0614
citF,b0615
citE,b0616
citD,b0617
citC,b0618
citA,b0619
citB,b0620
dcuC,b0621
pagP,b0622
cspE,b0623
flc,b0624
ybeM,b4581
tatE,b0627
lipA,b0628
ybeF,b0629
lipB,b0630
ybeD,b0631
dacA,b0632
rlpA,b0633
mrdB,b0634
mrdA,b0635
rlmH,b0636
rsfS,b0637
cobC,b0638
nadD,b0639
holA,b0640
lptE,b0641
leuS,b0642
ybeL,b0643
ybeQ,b0644
ybeR,b0645
djlB,b0646
ybeT,b0647
ybeU,b0648
djlC,b0649
hscC,b0650
rihA,b0651
gltL,b0652
gltK,b0653
gltJ,b0654
gltI,b0655
insH1_2,b0656
lnt,b0657
ybeX,b0658
ybeY,b0659
ybeZ,b0660
miaB,b0661
ubiF,b0662
glnX,b0664
glnV,b0665
metU,b0666
glnW,b0668
glnU,b0670
leuW,b0672
metT,b0673
asnB,b0674
umpH,b0675
nagC,b0676
nagA,b0677
nagB,b0678
nagE,b0679
glnS,b0680
chiP,b0681
chiQ,b0682
fur,b0683
uof,b4637
fldA,b0684
ybfE,b0685
ybfF,b0686
seqA,b0687
pgm,b0688
ybfP,b0689
ybfG,b0691
ybfI,b4636
potE,b0692
speF,b0693
ybfK,b4590
kdpE,b0694
kdpD,b0695
kdpC,b0696
kdpB,b0697
kdpA,b0698
kdpF,b4513
ybfA,b0699
rhsC,b0700
ybfB,b0702
rhsO,b0703
ybfC,b0704
ybfQ,b4514
ybfL,b0705
ybfD,b0706
ybgA,b0707
phr,b0708
dtpD,b0709
ybgI,b0710
ybgJ,b0711
ybgK,b0712
ybgL,b0713
nei,b0714
abrB,b0715
ybgO,b0716
ybgP,b0717
ybgQ,b0718
ybgD,b0719
gltA,b0720
sdhC,b0721
sdhD,b0722
sdhA,b0723
sdhB,b0724
sucA,b0726
sucB,b0727
sucC,b0728
sucD,b0729
mngR,b0730
mngA,b0731
mngB,b0732
cydA,b0733
cydB,b0734
cydX,b4515
ybgE,b0735
ybgC,b0736
tolQ,b0737
tolR,b0738
tolA,b0739
tolB,b0740
pal,b0741
ybgF,b0742
lysT,b0743
valT,b0744
lysW,b0745
valZ,b0746
lysY,b0747
lysZ,b0748
lysQ,b0749
nadA,b0750
pnuC,b0751
zitB,b0752
ybgS,b0753
aroG,b0754
gpmA,b0755
galM,b0756
galK,b0757
galT,b0758
galE,b0759
modF,b0760
modE,b0761
acrZ,b0762
modA,b0763
modB,b0764
modC,b0765
ybhA,b0766
pgl,b0767
ybhD,b0768
ybhH,b0769
ybhI,b0770
ybhJ,b0771
ybhC,b0772
ybhB,b0773
bioA,b0774
bioB,b0775
bioF,b0776
bioC,b0777
bioD,b0778
uvrB,b0779
ybhK,b0780
moaA,b0781
moaB,b0782
moaC,b0783
moaD,b0784
moaE,b0785
ybhL,b0786
ybhM,b0787
ybhN,b0788
clsB,b0789
ybhP,b0790
ybhQ,b0791
ybhR,b0792
ybhS,b0793
ybhF,b0794
ybhG,b0795
ybiH,b0796
rhlE,b0797
ybiA,b0798
dinG,b0799
ybiB,b0800
ybiC,b0801
ybiJ,b0802
ybiI,b0803
ybiX,b0804
fiu,b0805
mcbA,b0806
rlmF,b0807
ybiO,b0808
glnQ,b0809
glnP,b0810
glnH,b0811
dps,b0812
rhtA,b0813
ompX,b0814
opgE,b0815
mntS,b4705
mntR,b0817
ybiR,b0818
ldtB,b0819
ybiT,b0820
ybiU,b0821
ybiV,b0822
ybiW,b0823
ybiY,b0824
fsaA,b0825
moeB,b0826
moeA,b0827
iaaA,b0828
gsiA,b0829
gsiB,b0830
gsiC,b0831
gsiD,b0832
yliE,b0833
yliF,b0834
rimO,b0835
bssR,b0836
yliI,b0837
gstB,b0838
dacC,b0839
deoR,b0840
ybjG,b0841
mdfA,b0842
ybjH,b0843
ybjI,b0844
ybjJ,b0845
rcdA,b0846
rybB,b4417
ybjL,b0847
ybjM,b0848
grxA,b0849
ybjC,b0850
nfsA,b0851
rimK,b0852
ybjN,b0853
potF,b0854
potG,b0855
potH,b0856
potI,b0857
ybjO,b0858
rlmC,b0859
artJ,b0860
artM,b0861
artQ,b0862
artI,b0863
artP,b0864
ybjP,b0865
ybjQ,b0866
amiD,b0867
ybjS,b0868
ybjT,b0869
ltaE,b0870
poxB,b0871
hcr,b0872
hcp,b0873
ybjE,b0874
aqpZ,b0875
ybjD,b0876
ybjX,b0877
macA,b0878
macB,b0879
cspD,b0880
clpS,b0881
clpA,b0882
serW,b0883
infA,b0884
aat,b0885
cydC,b0886
cydD,b0887
trxB,b0888
lrp,b0889
ftsK,b0890
lolA,b0891
rarA,b0892
serS,b0893
dmsA,b0894
dmsB,b0895
dmsC,b0896
ycaC,b0897
ycaD,b0898
ycaM,b0899
ycaN,b0900
ycaK,b0901
pflA,b0902
pflB,b0903
focA,b0904
ycaO,b0905
ycaP,b0906
serC,b0907
aroA,b0908
ycaL,b0909
cmk,b0910
rpsA,b0911
ihfB,b0912
ycaI,b0913
msbA,b0914
lpxK,b0915
ycaQ,b0916
ycaR,b0917
kdsB,b0918
ycbJ,b0919
elyC,b0920
smtA,b0921
mukF,b0922
mukE,b0923
mukB,b0924
ldtD,b0925
ycbK,b0926
ycbL,b0927
aspC,b0928
ompF,b0929
asnS,b0930
pncB,b0931
pepN,b0932
ssuB,b0933
ssuC,b0934
ssuD,b0935
ssuA,b0936
ssuE,b0937
elfA,b0938
elfD,b0939
elfC,b0940
elfG,b0941
ycbU,b0942
ycbV,b0943
ycbF,b0944
pyrD,b0945
zapC,b0946
ycbX,b0947
rlmL,b0948
uup,b0949
pqiA,b0950
pqiB,b0951
pqiC,b0952
rmf,b0953
fabA,b0954
ycbZ,b0955
matP,b0956
ompA,b0957
sulA,b0958
sxy,b0959
yccS,b0960
yccF,b0961
helD,b0962
mgsA,b0963
yccT,b0964
yccU,b0965
hspQ,b0966
rlmI,b0967
yccX,b0968
tusE,b0969
yccA,b0970
serT,b0971
hyaA,b0972
hyaB,b0973
hyaC,b0974
hyaD,b0975
hyaE,b0976
hyaF,b0977
cbdA,b0978
cbdB,b0979
cbdX,b4592
appA,b0980
etk,b0981
etp,b0982
gfcE,b0983
gfcD,b0984
gfcC,b0985
gfcB,b0986
gfcA,b0987
insA_3,b4516
insB1_3,b0988
cspH,b0989
cspG,b0990
ymcE,b0991
gnsA,b4517
yccM,b0992
torS,b0993
torT,b0994
torR,b0995
torC,b0996
torA,b0997
torD,b0998
cbpM,b0999
cbpA,b1000
yccE,b1001
agp,b1002
yccJ,b1003
wrbA,b1004
ymdF,b4518
rutG,b1006
rutF,b1007
rutE,b1008
rutD,b1009
rutC,b1010
rutB,b1011
rutA,b1012
rutR,b1013
putA,b1014
putP,b1015
efeU,b4490
efeO,b1018
efeB,b1019
phoH,b1020
pgaD,b1021
pgaC,b1022
pgaB,b1023
pgaA,b1024
ycdT,b1025
insF1_3,b1026
insE1_3,b1027
ymdE,b1028
ycdU,b1029
serX,b1032
ghrA,b1033
ycdX,b1034
ycdY,b1035
ycdZ,b1036
csgG,b1037
csgF,b1038
csgE,b1039
csgD,b1040
csgB,b1041
csgA,b1042
csgC,b1043
ymdA,b1044
ymdB,b1045
clsC,b1046
opgC,b1047
opgG,b1048
opgH,b1049
yceK,b1050
msyB,b1051
mdtG,b1053
lpxL,b1054
yceA,b1055
yceI,b1056
yceJ,b1057
yceO,b1058
solA,b1059
bssS,b1060
dinI,b1061
pyrC,b1062
yceB,b1063
grxB,b1064
mdtH,b1065
rimJ,b1066
yceH,b1067
yceM,b1068
murJ,b1069
flgN,b1070
flgM,b1071
flgA,b1072
flgB,b1073
flgC,b1074
flgD,b1075
flgE,b1076
flgF,b1077
flgG,b1078
flgH,b1079
flgI,b1080
flgJ,b1081
flgK,b1082
flgL,b1083
rne,b1084
yceQ,b1085
rluC,b1086
yceF,b1087
psrD,b4418
yceD,b1088
rpmF,b1089
plsX,b1090
fabH,b1091
fabD,b1092
fabG,b1093
acpP,b1094
fabF,b1095
pabC,b1096
yceG,b1097
tmk,b1098
holB,b1099
ycfH,b1100
ptsG,b1101
fhuE,b1102
hinT,b1103
ycfL,b1104
lpoB,b1105
thiK,b1106
nagZ,b1107
ycfP,b1108
ndh,b1109
ycfJ,b1110
ycfQ,b1111
bhsA,b1112
ldtC,b1113
mfd,b1114
ycfT,b1115
lolC,b1116
lolD,b1117
lolE,b1118
nagK,b1119
cobB,b1120
ycfZ,b1121
ymfA,b1122
potD,b1123
potC,b1124
potB,b1125
potA,b1126
pepT,b1127
roxA,b1128
phoQ,b1129
phoP,b1130
purB,b1131
hflD,b1132
mnmA,b1133
nudJ,b1134
rluE,b1135
icd,b1136
ymfD,b1137
ymfE,b1138
lit,b1139
intE,b1140
xisE,b1141
ymfI,b1143
ymfJ,b1144
cohE,b1145
croE,b1146
ymfL,b1147
ymfM,b1148
oweE,b4692
aaaE,b4693
ymfR,b1150
beeE,b1151
jayE,b1152
ymfQ,b1153
stfP,b1154
tfaP,b1155
tfaE,b1156
stfE,b1157
pinE,b1158
mcrA,b1159
icdC,b4519
iraM,b1160
ycgX,b1161
bluR,b1162
bluF,b1163
ycgZ,b1164
ymgA,b1165
ariR,b1166
ymgC,b1167
ycgG,b1168
ymgF,b4520
ycgH,b4491
ymgD,b1171
ymgG,b1172
ymgI,b4593
ymgJ,b4594
ycgI,b4521
minE,b1174
minD,b1175
minC,b1176
ycgJ,b1177
pliG,b1178
ycgL,b1179
ycgM,b1180
ycgN,b1181
hlyE,b1182
umuD,b1183
umuC,b1184
dsbB,b1185
nhaB,b1186
fadR,b1187
ycgB,b1188
dadA,b1189
dadX,b1190
cvrA,b1191
ldcA,b1192
emtA,b1193
ycgR,b1194
ymgE,b1195
ycgY,b1196
treA,b1197
dhaM,b1198
dhaL,b1199
dhaK,b1200
dhaR,b1201
ycgV,b1202
ychF,b1203
pth,b1204
ychH,b1205
dauA,b1206
prs,b1207
ispE,b1208
lolB,b1209
hemA,b1210
prfA,b1211
prmC,b1212
ychQ,b1213
ychA,b1214
kdsA,b1215
ldrA,b4419
rdlA,b4420
ldrB,b4421
rdlB,b4422
ldrC,b4423
rdlC,b4424
chaA,b1216
chaB,b1217
chaC,b1218
ychN,b1219
ychO,b1220
narL,b1221
narX,b1222
narK,b1223
narG,b1224
narH,b1225
narJ,b1226
narI,b1227
rttR,b4425
tpr,b1229
tyrV,b1230
tyrT,b1231
purU,b1232
ychJ,b1233
rssA,b1234
rssB,b1235
galU,b1236
hns,b1237
tdk,b1238
insZ,b4573
adhE,b1241
ychE,b1242
oppA,b1243
oppB,b1244
oppC,b1245
oppD,b1246
oppF,b1247
yciU,b1248
clsA,b1249
yciY,b4595
kch,b1250
yciI,b1251
tonB,b1252
yciA,b1253
yciB,b1254
yciC,b1255
ompW,b1256
yciE,b1257
yciF,b1258
yciG,b1259
trpA,b1260
trpB,b1261
trpC,b1262
trpD,b1263
trpE,b1264
trpL,b1265
yciV,b1266
yciO,b1267
yciQ,b1268
rluB,b1269
btuR,b1270
yciK,b1271
sohB,b1272
yciN,b1273
topA,b1274
cysB,b1275
ymiA,b4522
yciX,b4523
acnA,b1276
ribA,b1277
pgpB,b1278
yciS,b1279
yciM,b1280
pyrF,b1281
yciH,b1282
osmB,b1283
yciT,b1284
yciZ,b4596
gmr,b1285
ymiB,b4672
rnb,b1286
yciW,b1287
fabI,b1288
ycjD,b1289
sapF,b1290
sapD,b1291
sapC,b1292
sapB,b1293
sapA,b1294
ymjA,b1295
puuP,b1296
puuA,b1297
puuD,b1298
puuR,b1299
puuC,b1300
puuB,b1301
puuE,b1302
pspF,b1303
pspA,b1304
pspB,b1305
pspC,b1306
pspD,b1307
pspE,b1308
ycjM,b1309
ycjN,b1310
ycjO,b1311
ycjP,b1312
ycjQ,b1313
ycjR,b1314
ycjS,b1315
ycjT,b1316
ycjU,b1317
ycjV,b4524
ompG,b1319
ycjW,b1320
ycjX,b1321
ycjF,b1322
tyrR,b1323
tpx,b1324
ycjG,b1325
mpaA,b1326
ymjC,b4525
ymjD,b4673
ycjY,b1327
pgrR,b1328
mppA,b1329
ynaI,b1330
insH1_3,b1331
ynaJ,b1332
uspE,b1333
fnr,b1334
ogt,b1335
abgT,b1336
abgB,b1337
abgA,b1338
abgR,b1339
mcaS,b4426
smrA,b1340
ydaM,b1341
ydaN,b1342
fnrS,b4699
dbpA,b1343
ttcA,b1344
intR,b1345
ydaQ,b1346
ydaC,b1347
ralR,b1348
recT,b1349
recE,b1350
racC,b1351
ydaE,b4526
kilR,b1352
sieB,b1353
ydaF,b4527
ydaG,b1355
racR,b1356
ydaS,b1357
ydaT,b1358
ydaU,b1359
ydaV,b1360
ydaW,b1361
rzpR,b1362
rzoR,b4528
trkG,b1363
ynaK,b1365
ydaY,b1366
tmpR,b1368
lomR,b4570
insH1_4,b1370
stfR,b1372
tfaR,b1373
pinR,b1374
ynaE,b1375
ttcC,b4638
uspF,b1376
ompN,b1377
micC,b4427
pfo,b1378
ydbJ,b4529
hslJ,b1379
ldhA,b1380
ydbH,b1381
ynbE,b1382
ydbL,b1383
feaR,b1384
feaB,b1385
tynA,b1386
paaZ,b1387
paaA,b1388
paaB,b1389
paaC,b1390
paaD,b1391
paaE,b1392
paaF,b1393
paaG,b1394
paaH,b1395
paaI,b1396
paaJ,b1397
paaK,b1398
paaX,b1399
paaY,b1400
ynbG,b4674
ydbA,b4492
insD1_1,b1402
insC1_1,b1403
insI1_2,b1404
ydbC,b1406
ydbD,b1407
ynbA,b1408
ynbB,b1409
ynbC,b1410
ynbD,b1411
azoR,b1412
hrpA,b1413
ydcF,b1414
aldA,b1415
gapC,b4493
cybB,b1418
rydC,b4597
ydcA,b1419
hokB,b4428
mokB,b1420
sokB,b4429
trg,b1421
ydcI,b1422
ydcJ,b1423
opgD,b1424
ydcH,b1426
rimL,b1427
ydcK,b1428
tehA,b1429
tehB,b1430
ydcL,b1431
insP,b4578
insQ,b1432
ydcO,b1433
ydcN,b1434
ydcP,b1435
yncJ,b1436
hicA,b4532
hicB,b1438
ydcR,b1439
ydcS,b1440
ydcT,b1441
ydcU,b1442
ydcV,b1443
patD,b1444
yncL,b4598
ydcX,b1445
ydcY,b1446
ydcZ,b1447
mnaT,b1448
curA,b1449
mcbR,b1450
yncD,b1451
yncE,b1452
ansP,b1453
yncG,b1454
yncH,b1455
rhsE,b1456
ydcD,b1457
yncI,b1459
ydcC,b1460
pptA,b1461
yddH,b1462
nhoA,b1463
yddE,b1464
narV,b1465
narW,b1466
narY,b1467
narZ,b1468
narU,b1469
yddK,b1471
yddL,b1472
yddG,b1473
fdnG,b1474
fdnH,b1475
fdnI,b1476
yddM,b1477
adhP,b1478
maeA,b1479
sra,b1480
bdm,b1481
osmC,b1482
ddpF,b1483
ddpD,b1484
ddpC,b1485
ddpB,b1486
ddpA,b1487
ddpX,b1488
dosP,b1489
dosC,b1490
yddW,b1491
gadC,b1492
gadB,b1493
pqqL,b1494
yddB,b1495
yddA,b1496
ydeM,b1497
ydeN,b1498
ydeO,b1499
safA,b1500
ydeP,b1501
ydeQ,b1502
ydeR,b1503
ydeS,b1504
ydeT,b1505
yneL,b1506
hipA,b1507
hipB,b1508
yneO,b4696
lsrK,b1511
lsrR,b1512
lsrA,b1513
lsrC,b1514
lsrD,b1515
lsrB,b1516
lsrF,b1517
lsrG,b1518
tam,b1519
yneE,b1520
uxaB,b1521
yneF,b1522
yneG,b1523
glsB,b1524
sad,b1525
yneJ,b1526
yneK,b1527
ydeA,b1528
marC,b1529
marR,b1530
marA,b1531
marB,b1532
eamA,b1533
ydeE,b1534
yneM,b4599
mgrR,b4698
dgcZ,b1535
ydeI,b1536
ydeJ,b1537
dcp,b1538
ydfG,b1539
rspR,b1540
ydfZ,b1541
ydfI,b1542
ydfJ,b4600
ydfK,b1544
pinQ,b1545
tfaQ,b1546
stfQ,b1547
nohQ,b1548
ynfO,b4533
ydfO,b1549
gnsB,b1550
ynfN,b1551
cspI,b1552
rzpQ,b1553
rzoQ,b4689
rrrQ,b1554
ydfR,b1555
essQ,b1556
cspB,b1557
cspF,b1558
quuQ,b1559
ydfU,b1560
rem,b1561
hokD,b1562
relE,b1563
relB,b1564
ydfV,b1565
flxA,b1566
intK,b1567
ydfX,b1568
dicC,b1569
dicA,b1570
ydfA,b1571
ydfB,b1572
ydfC,b1573
dicF,b1574
dicB,b1575
ydfD,b1576
ydfE,b1577
insD1_2,b1578
intQ,b1579
rspB,b1580
rspA,b1581
ynfA,b1582
ynfB,b1583
speG,b1584
ynfC,b1585
ynfD,b1586
ynfE,b1587
ynfF,b1588
ynfG,b1589
ynfH,b1590
dmsD,b1591
clcB,b1592
ynfK,b1593
mlc,b1594
ynfL,b1595
ynfM,b1596
asr,b1597
ydgU,b4601
ydgD,b1598
mdtI,b1599
mdtJ,b1600
tqsA,b1601
pntB,b1602
pntA,b1603
ydgH,b1604
ydgI,b1605
folM,b1606
ydgC,b1607
rstA,b1608
rstB,b1609
tus,b1610
fumC,b1611
fumA,b1612
manA,b1613
ydgA,b1614
uidC,b1615
uidB,b1616
uidA,b1617
uidR,b1618
hdhA,b1619
malI,b1620
malX,b1621
malY,b1622
add,b1623
ydgJ,b1624
blr,b4409
cnu,b1625
ydgK,b1626
rsxA,b1627
rsxB,b1628
rsxC,b1629
rsxD,b1630
rsxG,b1631
rsxE,b1632
nth,b1633
dtpA,b1634
gstA,b1635
pdxY,b1636
tyrS,b1637
pdxH,b1638
mliC,b1639
anmK,b1640
slyB,b1641
slyA,b1642
ydhI,b1643
ydhJ,b1644
ydhK,b1645
sodC,b1646
ydhF,b1647
ydhL,b1648
nemR,b1649
nemA,b1650
gloA,b1651
rnt,b1652
lhr,b1653
grxD,b1654
mepH,b1655
sodB,b1656
ydhP,b1657
ynhF,b4602
purR,b1658
ydhB,b1659
ydhC,b1660
cfa,b1661
ribC,b1662
mdtK,b1663
ydhQ,b1664
valV,b1665
valW,b1666
ydhR,b1667
ydhS,b1668
ydhT,b1669
ydhU,b1670
ydhX,b1671
ydhW,b1672
ydhV,b1673
ydhY,b1674
ydhZ,b1675
pykF,b1676
lpp,b1677
ldtE,b1678
sufE,b1679
sufS,b1680
sufD,b1681
sufC,b1682
sufB,b1683
sufA,b1684
rydB,b4430
ydiH,b1685
menI,b1686
ydiJ,b1687
ydiK,b1688
rprA,b4431
ydiL,b1689
ydiM,b1690
ydiN,b1691
ydiB,b1692
aroD,b1693
ydiF,b1694
ydiO,b1695
ydiP,b1696
ydiQ,b1697
ydiR,b1698
ydiS,b1699
ydiT,b1700
fadK,b1701
ppsA,b1702
ppsR,b1703
aroH,b1704
ydiE,b1705
ydiU,b1706
ydiV,b1707
nlpC,b1708
btuD,b1709
btuE,b1710
btuC,b1711
ihfA,b1712
pheT,b1713
pheS,b1714
pheM,b1715
rplT,b1716
rpmI,b1717
infC,b1718
thrS,b1719
arpB,b4494
yniD,b4535
ydiY,b1722
pfkB,b1723
ydiZ,b1724
yniA,b1725
yniB,b1726
yniC,b1727
ydjM,b1728
ydjN,b1729
ydjO,b1730
cedA,b1731
katE,b1732
chbG,b1733
chbF,b1734
chbR,b1735
chbA,b1736
chbC,b1737
chbB,b1738
osmE,b1739
nadE,b1740
cho,b1741
ves,b1742
spy,b1743
astE,b1744
astB,b1745
astD,b1746
astA,b1747
astC,b1748
xthA,b1749
ydjX,b1750
ydjY,b1751
ydjZ,b1752
ynjA,b1753
ynjB,b1754
ynjC,b1755
ynjD,b1756
ynjE,b1757
ynjF,b1758
nudG,b1759
ynjH,b1760
gdhA,b1761
ynjI,b1762
topB,b1763
selD,b1764
ydjA,b1765
sppA,b1766
ansA,b1767
pncA,b1768
ydjE,b1769
ydjF,b1770
ydjG,b1771
ydjH,b1772
ydjI,b1773
ydjJ,b1774
ydjK,b1775
ydjL,b1776
yeaC,b1777
msrB,b1778
gapA,b1779
yeaD,b1780
yeaE,b1781
mipA,b1782
yeaG,b1783
yeaH,b1784
yeaI,b1785
yeaJ,b1786
yeaK,b1787
yoaI,b1788
yeaL,b1789
yeaM,b1790
yeaN,b1791
yeaO,b1792
yoaF,b1793
yeaP,b1794
yoaK,b4676
yoaJ,b4675
yeaQ,b1795
yoaG,b1796
yeaR,b1797
leuE,b1798
dmlR,b1799
dmlA,b1800
yeaV,b1801
yeaW,b1802
yeaX,b1803
rnd,b1804
fadD,b1805
yeaY,b1806
tsaB,b1807
yoaA,b1808
yoaB,b1809
yoaC,b1810
yoaH,b1811
pabB,b1812
nudL,b1813
sdaA,b1814
yoaD,b1815
yoaE,b1816
manX,b1817
manY,b1818
manZ,b1819
yobD,b1820
mntP,b1821
rlmA,b1822
cspC,b1823
yobF,b1824
yebO,b1825
mgrB,b1826
yobH,b4536
kdgR,b1827
yebQ,b1828
htpX,b1829
prc,b1830
proQ,b1831
msrC,b1832
yebS,b1833
yebT,b1834
rsmF,b1835
yebV,b1836
yebW,b1837
pphA,b1838
ryeA,b4432
sdsR,b4433
yebY,b1839
yebZ,b1840
yobA,b1841
holE,b1842
yobB,b1843
exoX,b1844
ptrB,b1845
yebE,b1846
yebF,b1847
yebG,b1848
purT,b1849
eda,b1850
edd,b1851
zwf,b1852
yebK,b1853
pykA,b1854
lpxM,b1855
mepM,b1856
znuA,b1857
znuC,b1858
znuB,b1859
ruvB,b1860
ruvA,b1861
yobI,b4677
yebB,b1862
ruvC,b1863
yebC,b1864
nudB,b1865
aspS,b1866
yecD,b1867
yecE,b1868
yecN,b1869
cmoA,b1870
cmoB,b1871
torZ,b1872
torY,b1873
cutC,b1874
yecM,b1875
argS,b1876
yecT,b1877
flhE,b1878
flhA,b1879
flhB,b1880
cheZ,b1881
cheY,b1882
cheB,b1883
cheR,b1884
tap,b1885
tar,b1886
cheW,b1887
cheA,b1888
motB,b1889
motA,b1890
flhC,b1891
flhD,b1892
insB1_4,b1893
insA_4,b1894
uspC,b1895
otsA,b1896
otsB,b1897
araH,b4460
araG,b1900
araF,b1901
ftnB,b1902
yecJ,b4537
azuC,b4663
yecR,b1904
ftnA,b1905
yecH,b1906
tyrP,b1907
yecA,b1908
leuZ,b1909
cysT,b1910
glyW,b1911
pgsA,b1912
uvrC,b1913
uvrY,b1914
yecF,b1915
sdiA,b1916
yecC,b1917
yecS,b1918
dcyD,b1919
fliY,b1920
fliZ,b1921
fliA,b1922
fliC,b1923
fliD,b1924
fliS,b1925
fliT,b1926
amyA,b1927
yedD,b1928
yedE,b1929
yedF,b1930
yedK,b1931
yedL,b1932
yedN,b4495
intG,b1936
fliE,b1937
fliF,b1938
fliG,b1939
fliH,b1940
fliI,b1941
fliJ,b1942
fliK,b1943
fliL,b1944
fliM,b1945
fliN,b1946
fliO,b1947
fliP,b1948
fliQ,b1949
fliR,b1950
rcsA,b1951
dsrB,b1952
yodD,b1953
dsrA,b1954
yedP,b1955
yedQ,b1956
yodC,b1957
yedI,b1958
yedA,b1959
vsr,b1960
dcm,b1961
yedJ,b1962
yedR,b1963
rseX,b4603
yedS,b4496
hchA,b1967
yedV,b1968
yedW,b1969
hiuH,b1970
yedY,b1971
yedZ,b1972
zinT,b1973
yodB,b1974
serU,b1975
mtfA,b1976
asnT,b1977
yeeJ,b1978
yeeL,b4497
shiA,b1981
amn,b1982
yeeN,b1983
asnW,b1984
yeeO,b1985
asnU,b1986
cbl,b1987
nac,b1988
asnV,b1989
ldtA,b1990
cobT,b1991
cobS,b1992
cobU,b1993
yeeH,b4639
insH1_5,b1994
yoeG,b4640
yoeH,b4641
yoeA,b4582
insD1_3,b1996
insC1_2,b1997
yeeP,b1999
isrC,b4435
flu,b2000
yeeR,b2001
yeeS,b2002
yeeT,b2003
cbeA,b2004
cbtA,b2005
yeeW,b2006
yoeD,b4642
yoeF,b4538
yeeX,b2007
yeeA,b2008
sbmC,b2009
dacD,b2010
sbcB,b2011
yeeD,b2012
yeeE,b2013
plaP,b2014
yoeI,b4678
yeeY,b2015
yeeZ,b2016
yoeB,b4539
yefM,b2017
hisL,b2018
hisG,b2019
hisD,b2020
hisC,b2021
hisB,b2022
hisH,b2023
hisA,b2024
hisF,b2025
hisI,b2026
wzzB,b2027
ugd,b2028
gnd,b2029
wbbL,b4571
insH1_6,b2030
wbbK,b2032
wbbJ,b2033
wbbI,b2034
wbbH,b2035
glf,b2036
wzxB,b2037
rfbC,b2038
rfbA,b2039
rfbD,b2040
rfbB,b2041
wcaN,b2042
wcaM,b2043
wcaL,b2044
wcaK,b2045
wzxC,b2046
wcaJ,b2047
cpsG,b2048
cpsB,b2049
wcaI,b2050
wcaH,b2051
wcaG,b2052
gmd,b2053
wcaF,b2054
wcaE,b2055
wcaD,b2056
wcaC,b2057
wcaB,b2058
wcaA,b2059
wzc,b2060
wzb,b2061
wza,b2062
yegH,b2063
asmA,b2064
dcd,b2065
udk,b2066
yegE,b2067
alkA,b2068
yegD,b2069
yegI,b2070
yegJ,b2071
yegK,b2072
yegL,b2073
sibA,b4436
ibsA,b4667
sibB,b4437
ibsB,b4668
mdtA,b2074
mdtB,b2075
mdtC,b2076
iceT,b2077
baeS,b2078
baeR,b2079
yegP,b2080
yegQ,b2081
cyaR,b4438
ogrK,b2082
yegZ,b2083
yegR,b2085
yegS,b2086
gatR,b4498
insE1_4,b2088
insF1_4,b2089
gatD,b2091
gatC,b2092
gatB,b2093
gatA,b2094
gatZ,b2095
gatY,b2096
fbaB,b2097
yegT,b2098
yegU,b2099
yegV,b2100
yegW,b2101
yegX,b2102
thiD,b2103
thiM,b2104
rcnR,b2105
rcnA,b2106
rcnB,b2107
yehA,b2108
yehB,b2109
yehC,b2110
yehD,b2111
yehE,b2112
mrp,b2113
metG,b2114
yehH,b4499
yehI,b2118
yehK,b4541
yehL,b2119
yehM,b2120
yehP,b2121
yehQ,b2122
yehR,b2123
yehS,b2124
yehT,b2125
yehU,b2126
mlrA,b2127
yohO,b4542
yehW,b2128
yehX,b2129
yehY,b2130
osmF,b2131
bglX,b2132
dld,b2133
pbpG,b2134
yohC,b2135
yohD,b2136
yohF,b2137
mdtQ,b2139
yohP,b4679
dusC,b2140
yohJ,b2141
yohK,b2142
cdd,b2143
sanA,b2144
yeiS,b2145
preT,b2146
preA,b2147
mglC,b2148
mglA,b2149
mglB,b2150
galS,b2151
yeiB,b2152
folE,b2153
yeiG,b2154
cirA,b2155
lysP,b2156
yeiE,b2157
yeiH,b2158
nfo,b2159
yeiI,b2160
nupX,b2161
rihB,b2162
yeiL,b2163
psuT,b2164
psuG,b2165
psuK,b2166
fruA,b2167
fruK,b2168
fruB,b2169
setB,b2170
yeiW,b4502
yeiP,b2171
yeiQ,b2172
yeiR,b2173
lpxT,b2174
mepS,b2175
rtn,b2176
yejA,b2177
yejB,b2178
yejE,b2179
yejF,b2180
yejG,b2181
bcr,b2182
rsuA,b2183
yejH,b2184
rplY,b2185
yejK,b2186
yejL,b2187
yejM,b2188
proL,b2189
yejO,b2190
insH1_7,b2192
narP,b2193
ccmH,b2194
dsbE,b2195
ccmF,b2196
ccmE,b2197
ccmD,b2198
ccmC,b2199
ccmB,b2200
ccmA,b2201
napC,b2202
napB,b2203
napH,b2204
napG,b2205
napA,b2206
napD,b2207
napF,b2208
eco,b2209
mqo,b2210
yojI,b2211
alkB,b2212
ada,b2213
apbE,b2214
ompC,b2215
micF,b4439
rcsD,b2216
rcsB,b2217
rcsC,b2218
atoS,b2219
atoC,b2220
atoD,b2221
atoA,b2222
atoE,b2223
atoB,b2224
yfaP,b2225
yfaQ,b2226
yfaS,b4500
yfaT,b2229
yfaA,b2230
gyrA,b2231
ubiG,b2232
yfaL,b2233
nrdA,b2234
nrdB,b2235
yfaE,b2236
inaA,b2237
yfaH,b2238
glpQ,b2239
glpT,b2240
glpA,b2241
glpB,b2242
glpC,b2243
yfaD,b2244
ypaA,b4543
rhmA,b2245
rhmT,b2246
rhmD,b2247
rhmR,b2248
yfaY,b2249
yfaZ,b2250
nudI,b2251
ais,b2252
arnB,b2253
arnC,b2254
arnA,b2255
arnD,b2256
arnT,b2257
arnE,b4544
arnF,b2258
pmrD,b2259
menE,b2260
menC,b2261
menB,b2262
menH,b2263
menD,b2264
menF,b2265
elaB,b2266
elaA,b2267
rbn,b2268
elaD,b2269
yfbK,b2270
yfbL,b2271
yfbM,b2272
yfbN,b2273
yfbO,b2274
yfbP,b2275
nuoN,b2276
nuoM,b2277
nuoL,b2278
nuoK,b2279
nuoJ,b2280
nuoI,b2281
nuoH,b2282
nuoG,b2283
nuoF,b2284
nuoE,b2285
nuoC,b2286
nuoB,b2287
nuoA,b2288
lrhA,b2289
alaA,b2290
yfbR,b2291
yfbS,b2292
yfbT,b2293
yfbU,b2294
yfbV,b2295
ackA,b2296
pta,b2297
yfcC,b2298
yfcD,b2299
yfcE,b2300
yfcF,b2301
yfcG,b2302
folX,b2303
yfcH,b2304
yfcI,b2305
hisP,b2306
hisM,b2307
hisQ,b2308
hisJ,b2309
argT,b2310
ubiX,b2311
purF,b2312
cvpA,b2313
dedD,b2314
folC,b2315
accD,b2316
dedA,b2317
truA,b2318
usg,b2319
pdxB,b2320
flk,b2321
yfcJ,b2322
fabB,b2323
mnmC,b2324
yfcL,b2325
epmC,b2326
yfcA,b2327
mepA,b2328
aroC,b2329
prmB,b2330
smrB,b2331
yfcO,b2332
yfcP,b2333
yfcQ,b2334
yfcR,b2335
yfcS,b2336
yfcU,b4661
yfcV,b2339
sixA,b2340
fadJ,b2341
fadI,b2342
yfcZ,b2343
fadL,b2344
yfdF,b2345
mlaA,b2346
yfdC,b2347
argW,b2348
intS,b2349
gtrA,b2350
gtrB,b2351
gtrS,b2352
tfaS,b2353
yfdK,b2354
yfdL,b2355
yfdM,b2356
yfdN,b2357
oweS,b2358
yfdP,b2359
yfdQ,b2360
yfdR,b2361
yfdS,b2362
yfdT,b2363
ypdJ,b4545
torI,b4501
pawZ,b4643
dsdC,b2364
dsdX,b2365
dsdA,b2366
emrY,b2367
emrK,b2368
evgA,b2369
evgS,b2370
yfdE,b2371
yfdV,b2372
oxc,b2373
frc,b2374
yfdX,b2375
ypdI,b2376
yfdY,b2377
lpxP,b2378
ypdK,b4680
alaC,b2379
ypdA,b2380
ypdB,b2381
ypdC,b2382
fryA,b2383
ypdE,b2384
ypdF,b2385
fryC,b2386
fryB,b2387
glk,b2388
yfeO,b2389
ypeC,b2390
mntH,b2392
nupC,b2393
insL1_2,b2394
yfeA,b2395
alaX,b2396
alaW,b2397
yfeC,b2398
yfeD,b2399
gltX,b2400
valU,b2401
valX,b2402
valY,b2403
lysV,b2404
xapR,b2405
xapB,b2406
xapA,b2407
yfeN,b2408
yfeR,b2409
yfeH,b2410
ypeB,b4546
ligA,b2411
zipA,b2412
cysZ,b2413
cysK,b2414
ptsH,b2415
ptsI,b2416
crr,b2417
pdxK,b2418
yfeK,b2419
yfeS,b2420
cysM,b2421
cysA,b2422
cysW,b2423
cysU,b2424
cysP,b2425
ucpA,b2426
murR,b2427
murQ,b2428
murP,b2429
yfeW,b2430
yfeX,b2431
yfeY,b2432
yfeZ,b2433
ypeA,b2434
amiA,b2435
hemF,b2436
eutR,b2437
eutK,b2438
eutL,b2439
eutC,b2440
eutB,b2441
intZ,b2442
yffL,b2443
yffM,b2444
yffN,b2445
yffO,b2446
yffP,b2447
yffQ,b2448
yffR,b2449
yffS,b2450
eutA,b2451
eutH,b2452
eutG,b2453
eutJ,b2454
eutE,b2455
eutN,b2456
eutM,b2457
eutD,b2458
eutT,b2459
eutQ,b2460
eutP,b2461
eutS,b2462
maeB,b2463
talA,b2464
tktB,b2465
ypfG,b2466
nudK,b2467
aegA,b2468
narQ,b2469
acrD,b2470
ypfM,b4606
yffB,b2471
dapE,b2472
ypfN,b4547
ypfH,b2473
tmcA,b2474
ypfJ,b2475
purC,b2476
bamC,b2477
dapA,b2478
gcvR,b2479
bcp,b2480
hyfA,b2481
hyfB,b2482
hyfC,b2483
hyfD,b2484
hyfE,b2485
hyfF,b2486
hyfG,b2487
hyfH,b2488
hyfI,b2489
hyfJ,b2490
hyfR,b2491
focB,b2492
yfgO,b2493
bepA,b2494
yfgD,b2495
hda,b2496
uraA,b2497
upp,b2498
purM,b2499
purN,b2500
ppk,b2501
ppx,b2502
yfgF,b2503
yfgG,b2504
yfgH,b2505
yfgI,b2506
guaA,b2507
guaB,b2508
xseA,b2509
yfgJ,b2510
der,b2511
bamB,b2512
yfgM,b2513
hisS,b2514
ispG,b2515
rodZ,b2516
rlmN,b2517
ndk,b2518
pbpC,b2519
yfhM,b2520
sseA,b2521
ryfA,b4440
sseB,b2522
pepB,b2523
iscX,b2524
fdx,b2525
hscA,b2526
hscB,b2527
iscA,b2528
iscU,b2529
iscS,b2530
iscR,b2531
trmJ,b2532
suhB,b2533
yfhR,b2534
csiE,b2535
hcaT,b2536
hcaR,b2537
iroK,b4706
hcaE,b2538
hcaF,b2539
hcaC,b2540
hcaB,b2541
hcaD,b2542
yphA,b2543
yphB,b2544
yphC,b2545
yphD,b2546
yphE,b2547
yphF,b2548
yphG,b2549
yphH,b2550
glyA,b2551
hmp,b2552
glnB,b2553
glrR,b2554
yfhG,b2555
glrK,b2556
glmY,b4441
purL,b2557
mltF,b2558
tadA,b2559
pgpC,b2560
yfhH,b2561
yfhL,b2562
shoB,b4687
ohsC,b4608
acpS,b2563
pdxJ,b2564
recO,b2565
era,b2566
rnc,b2567
lepB,b2568
lepA,b2569
rseC,b2570
rseB,b2571
rseA,b2572
rpoE,b2573
nadB,b2574
trmN,b2575
srmB,b2576
yfiE,b2577
eamB,b2578
grcA,b2579
ung,b2580
yfiF,b2581
trxC,b2582
yfiP,b2583
pka,b2584
pssA,b2585
yfiM,b2586
kgtP,b2587
rrfG,b2588
rrlG,b2589
gltW,b2590
rrsG,b2591
clpB,b2592
ryfD,b4609
yfiH,b2593
rluD,b2594
bamD,b2595
raiA,b2597
pheL,b2598
pheA,b2599
tyrA,b2600
aroF,b2601
yfiL,b2602
yfiR,b2603
yfiN,b2604
yfiB,b2605
rplS,b2606
trmD,b2607
rimM,b2608
rpsP,b2609
ffh,b2610
ypjD,b2611
yfjD,b4461
grpE,b2614
nadK,b2615
recN,b2616
bamE,b2617
ratB,b2618
ratA,b2619
smpB,b2620
ssrA,b2621
intA,b2622
yfjH,b2623
alpA,b2624
yfjI,b2625
yfjJ,b2626
yfjK,b2627
yfjL,b2628
yfjM,b2629
rnlA,b2630
rnlB,b2631
yfjP,b2632
yfjQ,b2633
yfjR,b2634
ypjK,b2635
yfjS,b2636
yfjT,b2637
yfjU,b2638
yfjV,b2641
yfjW,b2642
ypjI,b4644
yfjX,b2643
yfjY,b2644
ypjJ,b4548
yfjZ,b2645
ypjF,b2646
psaA,b4645
ypjA,b2647
pinH,b2648
ypjC,b2650
ileY,b2652
ygaQ,b4462
csiD,b2659
lhgO,b2660
gabD,b2661
gabT,b2662
gabP,b2663
csiR,b2664
ygaU,b2665
yqaE,b2666
ygaV,b2667
ygaP,b2668
stpA,b2669
alaE,b2670
ygaC,b2671
ygaM,b2672
nrdH,b2673
nrdI,b2674
nrdE,b2675
nrdF,b2676
proV,b2677
proW,b2678
proX,b2679
ygaY,b2681
ygaZ,b2682
ygaH,b2683
mprA,b2684
emrA,b2685
emrB,b2686
luxS,b2687
micA,b4442
gshA,b2688
yqaA,b2689
yqaB,b2690
argQ,b2691
argZ,b2692
argY,b2693
argV,b2694
serV,b2695
csrA,b2696
alaS,b2697
recX,b2698
recA,b2699
pncC,b2700
mltB,b2701
srlA,b2702
srlE,b2703
srlB,b2704
srlD,b2705
srlM,b2706
srlR,b2707
srlQ,b2708
norR,b2709
norV,b2710
norW,b2711
hypF,b2712
hydN,b2713
ascG,b2714
ascF,b2715
ascB,b2716
hycI,b2717
hycH,b2718
hycG,b2719
hycF,b2720
hycE,b2721
hycD,b2722
hycC,b2723
hycB,b2724
hycA,b2725
hypA,b2726
hypB,b2727
hypC,b2728
hypD,b2729
hypE,b2730
fhlA,b2731
ygbA,b2732
mutS,b2733
pphB,b2734
ygbI,b2735
ygbJ,b2736
ygbK,b2737
ygbL,b2738
ygbM,b2739
ygbN,b2740
rpoS,b2741
nlpD,b2742
pcm,b2743
umpG,b2744
truD,b2745
ispF,b2746
ispD,b2747
ftsB,b2748
ygbE,b2749
cysC,b2750
cysN,b2751
cysD,b2752
iap,b2753
ygbF,b2754
ygbT,b2755
casE,b2756
casD,b2757
casC,b2758
casB,b2759
casA,b2760
ygcB,b2761
sokX,b4701
cysH,b2762
cysI,b2763
cysJ,b2764
queD,b2765
ygcN,b2766
ygcO,b2767
ygcP,b2768
ygcQ,b2769
ygcR,b2770
ygcS,b2771
ygcU,b4463
ygcW,b2774
yqcE,b2775
ygcE,b2776
queE,b2777
yqcG,b4682
ygcG,b2778
eno,b2779
pyrG,b2780
mazG,b2781
mazF,b2782
mazE,b2783
relA,b2784
rlmD,b2785
barA,b2786
gudD,b2787
gudX,b2788
gudP,b2789
yqcA,b2790
truC,b2791
yqcC,b2792
csrB,b4408
syd,b2793
queF,b2794
ygdH,b2795
sdaC,b2796
sdaB,b2797
ygdG,b2798
fucO,b2799
fucA,b2800
fucP,b2801
fucI,b2802
fucK,b2803
fucU,b2804
fucR,b2805
rlmM,b2806
ygdD,b2807
gcvA,b2808
gcvB,b4443
ygdI,b2809
csdA,b2810
csdE,b2811
tcdA,b2812
mltA,b2813
metZ,b2814
metW,b2815
metV,b2816
amiC,b2817
argA,b2818
recD,b2819
recB,b2820
ptrA,b2821
recC,b2822
ppdC,b2823
ygdB,b2824
ppdB,b2825
ppdA,b2826
thyA,b2827
lgt,b2828
ptsP,b2829
rppH,b2830
mutH,b2831
ygdQ,b2832
ygdR,b2833
tas,b2834
lplT,b2835
aas,b2836
omrA,b4444
omrB,b4445
galR,b2837
lysA,b2838
lysR,b2839
ygeA,b2840
araE,b2841
kduD,b2842
kduI,b2843
yqeF,b2844
yqeG,b2845
yqeH,b2846
yqeI,b2847
yqeJ,b2848
yqeL,b4683
yqeK,b2849
ygeF,b2850
ygeG,b2851
ygeH,b2852
ygeI,b2853
pbl,b2854
ygeK,b2856
ygeN,b2858
ygeO,b2859
insD1_4,b2860
insC1_3,b2861
ygeQ,b2863
glyU,b2864
ygeR,b2865
xdhA,b2866
xdhB,b2867
xdhC,b2868
ygeV,b2869
ygeW,b2870
ygeX,b2871
ygeY,b2872
hyuA,b2873
yqeA,b2874
yqeB,b2875
yqeC,b2876
mocA,b2877
ygfK,b2878
ssnA,b2879
ygfM,b2880
xdhD,b2881
xanQ,b2882
guaD,b2883
ghxQ,b4464
ygfS,b2886
ygfT,b2887
uacT,b2888
yqfG,b4684
idi,b2889
lysS,b2890
prfB,b2891
recJ,b2892
dsbC,b2893
xerD,b2894
fldB,b2895
cptA,b2896
sdhE,b2897
ygfZ,b2898
yqfA,b2899
yqfB,b2900
bglA,b2901
ygfF,b2902
gcvP,b2903
gcvH,b2904
gcvT,b2905
ubiI,b2906
ubiH,b2907
pepP,b2908
ygfB,b2909
zapA,b2910
ssrS,b2911
fau,b2912
sibC,b4446
ibsC,b4665
serA,b2913
rpiA,b2914
yqfE,b2915
argP,b2916
scpA,b2917
argK,b2918
scpB,b2919
scpC,b2920
ygfI,b2921
yggE,b2922
argO,b2923
mscS,b2924
fbaA,b2925
pgk,b2926
epd,b2927
yggC,b2928
yggD,b2929
yggF,b2930
yggP,b4465
cmtA,b2933
cmtB,b2934
tktA,b2935
loiP,b2936
speB,b2937
speA,b2938
yqgB,b2939
yqgC,b2940
metK,b2942
galP,b2943
yggI,b2944
endA,b2945
rsmE,b2946
gshB,b2947
yqgE,b2948
yqgF,b2949
yggR,b2950
yggS,b2951
yggT,b2952
yggU,b2953
rdgB,b2954
yggW,b2955
yggM,b2956
ansB,b2957
yggN,b2958
yggL,b2959
trmI,b2960
mutY,b2961
yggX,b2962
mltC,b2963
nupG,b2964
speC,b2965
yqgA,b2966
pheV,b2967
yghD,b2968
yghE,b2969
yghF,b2970
yghG,b2971
pppA,b2972
sslE,b4466
glcA,b2975
glcB,b2976
glcG,b2977
glcF,b4467
glcE,b4468
glcD,b2979
glcC,b2980
yghO,b2981
insH1_8,b2982
yghQ,b2983
yghR,b2984
yghS,b2985
yghT,b2986
pitB,b2987
gss,b2988
yghU,b2989
hybG,b2990
hybF,b2991
hybE,b2992
hybD,b2993
hybC,b2994
hybB,b2995
hybA,b2996
hybO,b2997
yghW,b2998
yghX,b4658
gpr,b3001
yqhA,b3002
yghA,b3003
exbD,b3005
exbB,b3006
metC,b3008
yghB,b3009
yqhC,b3010
yqhD,b3011
dkgA,b3012
yqhG,b3013
yqhH,b3014
ygiQ,b4469
ftsP,b3017
plsC,b3018
parC,b3019
ygiS,b3020
mqsA,b3021
mqsR,b3022
ygiV,b3023
ygiW,b3024
qseB,b3025
qseC,b3026
ygiZ,b3027
mdaB,b3028
ygiN,b3029
parE,b3030
yqiA,b3031
cpdA,b3032
yqiB,b3033
nudF,b3034
tolC,b3035
ygiB,b3037
ygiC,b3038
ygiD,b3039
zupT,b3040
ribB,b3041
yqiC,b3042
ygiL,b3043
yqiG,b3046
insC1_4,b3044
insD1_5,b3045
yqiH,b3047
yqiI,b3048
glgS,b3049
yqiJ,b3050
yqiK,b3051
sibD,b4447
ibsD,b4664
sibE,b4611
ibsE,b4666
hldE,b3052
glnE,b3053
ygiF,b3054
ygiM,b3055
cca,b3056
bacA,b3057
folB,b3058
plsY,b3059
ttdR,b3060
ttdA,b3061
ttdB,b3062
ttdT,b3063
tsaD,b3064
rpsU,b3065
dnaG,b3066
rpoD,b3067
mug,b3068
ileX,b3069
yqjH,b3070
yqjI,b3071
aer,b3072
patA,b3073
ygjH,b3074
ebgR,b3075
ebgA,b3076
ebgC,b3077
ygjI,b3078
ygjJ,b3079
ygjK,b3080
fadH,b3081
higA,b3082
higB,b3083
rlmG,b3084
ygjP,b3085
ygjQ,b3086
ygjR,b3087
alx,b3088
sstT,b3089
ygjV,b3090
uxaA,b3091
uxaC,b3092
exuT,b3093
exuR,b3094
yqjA,b3095
mzrA,b3096
yqjC,b3097
yqjD,b3098
yqjE,b3099
yqjK,b3100
yqjF,b3101
yqjG,b3102
yhaH,b3103
yhaI,b3104
yhaJ,b3105
yhaK,b3106
yhaL,b3107
yhaM,b4470
yhaO,b3110
tdcG,b4471
tdcF,b3113
tdcE,b3114
tdcD,b3115
tdcC,b3116
tdcB,b3117
tdcA,b3118
tdcR,b3119
yhaB,b3120
yhaC,b3121
rnpB,b3123
garK,b3124
garR,b3125
garL,b3126
garP,b3127
garD,b3128
prlF,b3129
yhaV,b3130
agaR,b3131
kbaZ,b3132
agaV,b3133
agaW,b3134
agaA,b3135
agaS,b3136
kbaY,b3137
agaB,b3138
agaC,b3139
agaD,b3140
agaI,b3141
yraH,b3142
yraI,b3143
yraJ,b3144
yraK,b3145
rsmI,b3146
lpoA,b3147
yraN,b3148
diaA,b3149
yraP,b3150
yraQ,b3151
yraR,b3152
yhbO,b3153
yhbP,b3154
yhbQ,b3155
yhbS,b3156
yhbT,b3157
yhbU,b3158
yhbV,b3159
yhbW,b3160
mtr,b3161
deaD,b3162
yrbN,b4685
nlpI,b3163
pnp,b3164
psrO,b4449
rpsO,b3165
truB,b3166
rbfA,b3167
infB,b3168
nusA,b3169
rimP,b3170
metY,b3171
argG,b3172
yhbX,b3173
leuU,b3174
secG,b3175
glmM,b3176
folP,b3177
ftsH,b3178
rlmE,b3179
yhbY,b3180
greA,b3181
dacB,b3182
obgE,b3183
yhbE,b3184
rpmA,b3185
rplU,b3186
ispB,b3187
sfsB,b3188
murA,b3189
ibaG,b3190
mlaB,b3191
mlaC,b3192
mlaD,b3193
mlaE,b3194
mlaF,b3195
yrbG,b3196
kdsD,b3197
kdsC,b3198
lptC,b3199
lptA,b3200
lptB,b3201
rpoN,b3202
hpf,b3203
ptsN,b3204
yhbJ,b3205
npr,b3206
yrbL,b3207
mtgA,b3208
elbB,b3209
arcZ,b4450
arcB,b3210
yhcC,b3211
gltB,b3212
gltD,b3213
gltF,b3214
yhcA,b3215
yhcD,b3216
yhcE,b4569
insH1_9,b3218
yhcF,b3219
yhcG,b3220
yhcH,b3221
nanK,b3222
nanE,b3223
nanT,b3224
nanA,b3225
nanR,b3226
dcuD,b3227
sspB,b3228
sspA,b3229
rpsI,b3230
rplM,b3231
zapE,b3232
yhcB,b3233
degQ,b3234
degS,b3235
mdh,b3236
argR,b3237
yhcN,b3238
yhcO,b3239
aaeB,b3240
aaeA,b3241
aaeX,b3242
aaeR,b3243
tldD,b3244
yhdP,b4472
rng,b3247
yhdE,b3248
mreD,b3249
mreC,b3250
mreB,b3251
csrD,b3252
acuI,b3253
yrdF,b4697
yrdE,b4646
accB,b3255
accC,b3256
yhdT,b3257
panF,b3258
prmA,b3259
dusB,b3260
fis,b3261
yhdJ,b3262
yhdU,b3263
acrS,b3264
acrE,b3265
acrF,b3266
yhdV,b3267
yhdW,b3268
yhdX,b3269
yhdY,b3270
yhdZ,b3271
rrfF,b3272
thrV,b3273
rrfD,b3274
rrlD,b3275
alaU,b3276
ileU,b3277
rrsD,b3278
yrdA,b3279
yrdB,b3280
aroE,b3281
tsaC,b3282
yrdD,b3283
smg,b3284
smf,b4473
def,b3287
fmt,b3288
rsmB,b3289
trkA,b3290
mscL,b3291
arfA,b4550
zntR,b3292
yhdN,b3293
rplQ,b3294
rpoA,b3295
rpsD,b3296
rpsK,b3297
rpsM,b3298
rpmJ,b3299
secY,b3300
rplO,b3301
rpmD,b3302
rpsE,b3303
rplR,b3304
rplF,b3305
rpsH,b3306
rpsN,b3307
rplE,b3308
rplX,b3309
rplN,b3310
rpsQ,b3311
rpmC,b3312
rplP,b3313
rpsC,b3314
rplV,b3315
rpsS,b3316
rplB,b3317
rplW,b3318
rplD,b3319
rplC,b3320
rpsJ,b3321
gspB,b3322
gspA,b3323
gspC,b3324
gspD,b3325
gspE,b3326
gspF,b3327
gspG,b3328
gspH,b3329
gspI,b3330
gspJ,b3331
gspK,b3332
gspL,b3333
gspM,b3334
gspO,b3335
bfr,b3336
bfd,b3337
chiA,b3338
tufA,b3339
fusA,b3340
rpsG,b3341
rpsL,b3342
tusB,b3343
tusC,b3344
tusD,b3345
yheO,b3346
fkpA,b3347
slyX,b3348
slyD,b3349
yheV,b4551
kefB,b3350
kefG,b3351
yheS,b3352
yheT,b3353
yheU,b3354
prkB,b3355
yhfA,b3356
crp,b3357
yhfK,b3358
argD,b3359
pabA,b3360
fic,b3361
yhfG,b3362
ppiA,b3363
tsgA,b3364
nirB,b3365
nirD,b3366
nirC,b3367
cysG,b3368
yhfL,b3369
frlA,b3370
frlB,b3371
frlC,b4474
frlD,b3374
frlR,b3375
yhfS,b3376
yhfT,b3377
yhfU,b3378
php,b3379
yhfW,b3380
yhfX,b3381
yhfY,b3382
yhfZ,b3383
trpS,b3384
gph,b3385
rpe,b3386
dam,b3387
damX,b3388
aroB,b3389
aroK,b3390
hofQ,b3391
hofP,b3392
hofO,b3393
hofN,b3394
hofM,b3395
mrcA,b3396
nudE,b3397
yrfF,b3398
yrfG,b3399
hslR,b3400
hslO,b3401
yhgE,b3402
pck,b3403
envZ,b3404
ompR,b3405
greB,b3406
yhgF,b3407
feoA,b3408
feoB,b3409
feoC,b3410
yhgA,b3411
bioH,b3412
gntX,b3413
nfuA,b3414
gntT,b3415
malQ,b3416
malP,b3417
malT,b3418
rtcA,b4475
rtcB,b3421
rtcR,b3422
glpR,b3423
glpG,b3424
glpE,b3425
glpD,b3426
yzgL,b3427
glgP,b3428
glgA,b3429
glgC,b3430
glgX,b3431
glgB,b3432
asd,b3433
yhgN,b3434
gntU,b4476
gntK,b3437
gntR,b3438
yhhW,b3439
yhhX,b3440
ryhB,b4451
yhhY,b3441
yhhZ,b3442
yrhA,b3443
insA_5,b3444
insB1_5,b3445
yrhB,b3446
ggt,b3447
yhhA,b3448
ugpQ,b3449
ugpC,b3450
ugpE,b3451
ugpA,b3452
ugpB,b3453
livF,b3454
livG,b3455
livM,b3456
livH,b3457
livK,b3458
panM,b3459
livJ,b3460
rpoH,b3461
ftsX,b3462
ftsE,b3463
ftsY,b3464
rsmD,b3465
yhhL,b3466
yhhM,b3467
yhhN,b3468
zntA,b3469
tusA,b3470
yhhQ,b3471
dcrB,b3472
yhhS,b3473
yhhT,b3474
acpT,b3475
nikA,b3476
nikB,b3477
nikC,b3478
nikD,b3479
nikE,b3480
nikR,b3481
rhsB,b3482
yhhH,b3483
yrhC,b4552
yhhI,b3484
yhhJ,b3485
rbbA,b3486
yhiI,b3487
yhiJ,b3488
yhiL,b4660
yhiM,b3491
yhiN,b3492
pitA,b3493
uspB,b3494
uspA,b3495
dtpB,b3496
rsmJ,b3497
prlC,b3498
rlmJ,b3499
gor,b3500
dinQ,b4613
agrA,b4712
agrB,b4713
arsR,b3501
arsB,b3502
arsC,b3503
yhiS,b3504
insH1_10,b3505
slp,b3506
dctR,b3507
yhiD,b3508
hdeB,b3509
hdeA,b3510
hdeD,b3511
arrS,b4704
gadE,b3512
mdtE,b3513
mdtF,b3514
gadW,b3515
gadY,b4452
gadX,b3516
gadA,b3517
yhjA,b3518
treF,b3519
yhjB,b3520
yhjC,b3521
yhjD,b3522
yhjE,b3523
yhjG,b3524
yhjH,b3525
kdgK,b3526
yhjJ,b3527
dctA,b3528
yhjK,b3529
bcsC,b3530
bcsZ,b3531
bcsB,b3532
bcsA,b3533
bcsQ,b3534
yhjR,b3535
bcsE,b3536
bcsF,b3537
bcsG,b3538
ldrD,b4453
rdlD,b4454
yhjV,b3539
dppF,b3540
dppD,b3541
dppC,b3542
dppB,b3543
dppA,b3544
proK,b3545
eptB,b3546
yhjX,b3547
yhjY,b3548
tag,b3549
yiaC,b3550
bisC,b3551
yiaD,b3552
ghrB,b3553
yiaF,b3554
yiaG,b3555
cspA,b3556
mokA,b4647
hokA,b4455
insJ,b3557
insK,b3558
sokA,b4614
glyS,b3559
glyQ,b3560
ysaB,b4553
wecH,b3561
yiaA,b3562
yiaB,b3563
xylB,b3564
xylA,b3565
xylF,b3566
xylG,b3567
xylH,b3568
xylR,b3569
bax,b3570
malS,b3571
avtA,b3572
ysaA,b3573
yiaJ,b3574
yiaK,b3575
yiaL,b3576
yiaM,b3577
yiaN,b3578
yiaO,b3579
lyxK,b3580
sgbH,b3581
sgbU,b3582
sgbE,b3583
ysaC,b4648
ysaD,b4649
yiaT,b3584
yiaU,b3585
yiaV,b3586
yiaW,b3587
aldB,b3588
yiaY,b3589
selB,b3590
selA,b3591
yibF,b3592
rhsA,b3593
yibA,b3594
rhsJ,b3595
yibG,b3596
yibS,b4650
yibW,b4651
yibV,b4615
yibU,b4652
yibH,b3597
yibI,b3598
mtlA,b3599
mtlD,b3600
mtlR,b3601
yibT,b4554
yibL,b3602
lldP,b3603
lldR,b3604
lldD,b3605
trmL,b3606
cysE,b3607
gpsA,b3608
secB,b3609
grxC,b3610
yibN,b3611
gpmM,b3612
envC,b3613
yibQ,b3614
waaH,b3615
tdh,b3616
kbl,b3617
yibB,b3618
hldD,b3619
waaF,b3620
waaC,b3621
waaL,b3622
waaU,b3623
waaZ,b3624
waaY,b3625
waaR,b3626
waaO,b3627
waaB,b3628
waaS,b3629
waaP,b3630
waaG,b3631
waaQ,b3632
waaA,b3633
coaD,b3634
mutM,b3635
rpmG,b3636
rpmB,b3637
yicR,b3638
dfp,b3639
dut,b3640
slmA,b3641
pyrE,b3642
rph,b3643
yicC,b3644
dinD,b3645
yicG,b3646
ligB,b3647
gmk,b3648
rpoZ,b3649
spoT,b3650
trmH,b3651
recG,b3652
gltS,b3653
xanP,b3654
yicH,b3655
yicI,b3656
yicJ,b3657
selC,b3658
yicT,b4653
setC,b3659
yicL,b3660
nlpA,b3661
yicS,b4555
nepI,b3662
yicN,b3663
adeQ,b3664
adeD,b3665
uhpT,b3666
uhpC,b3667
uhpB,b3668
uhpA,b3669
ilvN,b3670
ilvB,b3671
ivbL,b3672
istR,b4616
tisB,b4618
emrD,b3673
yidF,b3674
yidG,b3675
yidH,b3676
yidI,b3677
yidJ,b3678
yidK,b3679
yidL,b3680
glvG,b4556
glvC,b3683
yidP,b3684
yidE,b3685
ibpB,b3686
ibpA,b3687
yidQ,b3688
yidR,b3689
cbrA,b3690
dgoT,b3691
dgoD,b4478
dgoA,b4477
dgoK,b3693
dgoR,b4479
yidX,b3696
yidA,b3697
yidB,b3698
gyrB,b3699
recF,b3700
dnaN,b3701
dnaA,b3702
rpmH,b3703
rnpA,b3704
yidD,b4557
yidC,b3705
mnmE,b3706
tnaC,b3707
tnaA,b3708
tnaB,b3709
mdtL,b3710
yidZ,b3711
yieE,b3712
chrR,b3713
adeP,b3714
yieH,b3715
cbrB,b3716
cbrC,b3717
yieK,b3718
yieL,b3719
bglH,b3720
bglB,b3721
bglF,b3722
bglG,b3723
phoU,b3724
pstB,b3725
pstA,b3726
pstC,b3727
pstS,b3728
glmS,b3729
glmU,b3730
atpC,b3731
atpD,b3732
atpG,b3733
atpA,b3734
atpH,b3735
atpF,b3736
atpE,b3737
atpB,b3738
atpI,b3739
rsmG,b3740
mnmG,b3741
mioC,b3742
asnC,b3743
asnA,b3744
viaA,b3745
ravA,b3746
kup,b3747
rbsD,b3748
rbsA,b3749
rbsC,b3750
rbsB,b3751
rbsK,b3752
rbsR,b3753
hsrA,b3754
yieP,b3755
rrsC,b3756
gltU,b3757
rrlC,b3758
rrfC,b3759
aspT,b3760
trpT,b3761
hdfR,b4480
yifE,b3764
yifB,b3765
ilvL,b3766
ilvX,b4669
ilvG,b4488
ilvM,b3769
ilvE,b3770
ilvD,b3771
ilvA,b3772
ilvY,b3773
ilvC,b3774
ppiC,b3775
yifN,b3777
rep,b3778
gpp,b3779
rhlB,b3780
trxA,b3781
rho,b3783
wecA,b3784
wzzE,b3785
wecB,b3786
wecC,b3787
rffG,b3788
rffH,b3789
wecD,b3790
wecE,b3791
wzxE,b3792
wecF,b4481
wzyE,b3793
wecG,b3794
yifK,b3795
argX,b3796
hisR,b3797
leuT,b3798
proM,b3799
aslB,b3800
aslA,b3801
glmZ,b4456
hemY,b3802
hemX,b3803
hemD,b3804
hemC,b3805
cyaA,b3806
cyaY,b3807
yifL,b4558
dapF,b3809
yigA,b3810
xerC,b3811
yigB,b3812
uvrD,b3813
yigE,b4482
corA,b3816
yigF,b3817
yigG,b3818
rarD,b3819
yigI,b3820
pldA,b3821
recQ,b3822
rhtC,b3823
rhtB,b3824
pldB,b3825
yigL,b3826
yigM,b3827
metR,b3828
metE,b3829
ysgA,b3830
udp,b3831
rmuC,b3832
ubiE,b3833
ubiJ,b3834
esrE,b4707
ubiB,b3835
tatA,b3836
tatB,b3838
tatC,b3839
tatD,b4483
rfaH,b3842
ubiD,b3843
fre,b3844
fadA,b3845
fadB,b3846
pepQ,b3847
yigZ,b3848
trkH,b3849
hemG,b3850
rrsA,b3851
ileT,b3852
alaT,b3853
rrlA,b3854
rrfA,b3855
mobB,b3856
mobA,b3857
yihD,b3858
srkA,b3859
dsbA,b3860
yihF,b3861
yihG,b3862
polA,b3863
spf,b3864
yihA,b3865
csrC,b4457
yihI,b3866
hemN,b3867
yshB,b4686
glnG,b3868
glnL,b3869
glnA,b3870
typA,b3871
yihL,b3872
yihM,b3873
yihN,b3874
ompL,b3875
yihO,b3876
yihP,b3877
yihQ,b3878
yihR,b3879
yihS,b3880
yihT,b3881
yihU,b3882
yihV,b3883
yihW,b3884
yihX,b3885
yihY,b3886
dtd,b3887
yiiD,b3888
yiiE,b3889
yiiF,b3890
fdhE,b3891
fdoI,b3892
fdoH,b3893
fdoG,b3894
fdhD,b3895
yiiG,b3896
frvR,b3897
frvX,b3898
frvB,b3899
frvA,b3900
rhaM,b3901
rhaD,b3902
rhaA,b3903
rhaB,b3904
rhaS,b3905
rhaR,b3906
rhaT,b3907
sodA,b3908
kdgT,b3909
yiiM,b3910
cpxA,b3911
cpxR,b3912
cpxP,b4484
fieF,b3915
pfkA,b3916
sbp,b3917
cdh,b3918
tpiA,b3919
yiiQ,b3920
yiiR,b3921
yiiS,b3922
uspD,b3923
fpr,b3924
glpX,b3925
glpK,b3926
glpF,b3927
zapB,b3928
rraA,b3929
menA,b3930
hslU,b3931
hslV,b3932
ftsN,b3933
cytR,b3934
priA,b3935
rpmE,b3936
yiiX,b3937
metJ,b3938
metB,b3939
metL,b3940
metF,b3941
katG,b3942
yijE,b3943
yijF,b3944
gldA,b3945
fsaB,b3946
frwA,b3947
frwC,b3949
frwB,b3950
pflD,b3951
pflC,b3952
frwD,b3953
yijO,b3954
eptC,b3955
ppc,b3956
argE,b3957
argC,b3958
argB,b3959
argH,b3960
oxyS,b4458
oxyR,b3961
sthA,b3962
fabR,b3963
yijD,b3964
trmA,b3965
btuB,b3966
murI,b3967
rrsB,b3968
gltT,b3969
rrlB,b3970
rrfB,b3971
murB,b3972
birA,b3973
coaA,b3974
thrU,b3976
tyrU,b3977
glyT,b3978
thrT,b3979
tufB,b3980
secE,b3981
nusG,b3982
rplK,b3983
rplA,b3984
rplJ,b3985
rplL,b3986
rpoB,b3987
rpoC,b3988
yjaZ,b3989
sroH,b4691
thiH,b3990
thiG,b3991
thiS,b4407
thiF,b3992
thiE,b3993
thiC,b3994
rsd,b3995
nudC,b3996
hemE,b3997
nfi,b3998
yjaG,b3999
hupA,b4000
yjaH,b4001
zraP,b4002
zraS,b4003
zraR,b4004
purD,b4005
purH,b4006
rrsE,b4007
gltV,b4008
rrlE,b4009
rrfE,b4010
yjaA,b4011
yjaB,b4012
metA,b4013
aceB,b4014
aceA,b4015
aceK,b4016
arpA,b4017
iclR,b4018
metH,b4019
yjbB,b4020
pepE,b4021
rluF,b4022
yjbD,b4023
lysC,b4024
pgi,b4025
yjbE,b4026
yjbF,b4027
yjbG,b4028
yjbH,b4029
yjbT,b4620
psiE,b4030
xylE,b4031
malG,b4032
malF,b4033
malE,b4034
malK,b4035
lamB,b4036
malM,b4037
yjbI,b4038
ubiC,b4039
ubiA,b4040
plsB,b4041
dgkA,b4042
lexA,b4043
dinF,b4044
yjbJ,b4045
zur,b4046
yjbL,b4047
yjbM,b4048
dusA,b4049
pspG,b4050
qorA,b4051
dnaB,b4052
alr,b4053
tyrB,b4054
yjbS,b4621
aphA,b4055
yjbQ,b4056
yjbR,b4057
uvrA,b4058
ssb,b4059
yjcB,b4060
yjcC,b4061
soxS,b4062
soxR,b4063
ryjA,b4459
ghxP,b4064
yjcE,b4065
yjcF,b4066
actP,b4067
yjcH,b4068
acs,b4069
nrfA,b4070
nrfB,b4071
nrfC,b4072
nrfD,b4073
nrfE,b4074
nrfF,b4075
nrfG,b4076
gltP,b4077
yjcO,b4078
fdhF,b4079
mdtP,b4080
mdtO,b4081
mdtN,b4082
ytcA,b4622
yjcS,b4083
alsK,b4084
alsE,b4085
alsC,b4086
alsA,b4087
alsB,b4088
alsR,b4089
rpiB,b4090
yjdP,b4487
phnP,b4092
phnO,b4093
phnN,b4094
phnM,b4095
phnL,b4096
phnK,b4097
phnJ,b4098
phnI,b4099
phnH,b4100
phnG,b4101
phnF,b4102
phnE,b4104
phnD,b4105
phnC,b4106
yjdN,b4107
yjdM,b4108
crfC,b4109
yjcZ,b4110
proP,b4111
pmrR,b4703
basS,b4112
basR,b4113
eptA,b4114
adiC,b4115
adiY,b4116
adiA,b4117
melR,b4118
melA,b4119
melB,b4120
yjdF,b4121
fumB,b4122
dcuB,b4123
dcuR,b4124
dcuS,b4125
yjdI,b4126
yjdJ,b4127
ghoS,b4128
ghoT,b4559
lysU,b4129
dtpC,b4130
cadA,b4131
cadB,b4132
cadC,b4133
yjdQ,b4654
pheU,b4134
yjdC,b4135
dsbD,b4136
cutA,b4137
dcuA,b4138
aspA,b4139
fxsA,b4140
yjeH,b4141
groS,b4142
groL,b4143
yjeI,b4144
yjeJ,b4145
epmB,b4146
efp,b4147
ecnA,b4410
ecnB,b4411
sugE,b4148
blc,b4149
ampC,b4150
frdD,b4151
frdC,b4152
frdB,b4153
frdA,b4154
epmA,b4155
yjeM,b4156
yjeN,b4157
yjeO,b4158
mscM,b4159
psd,b4160
rsgA,b4161
orn,b4162
glyV,b4163
glyX,b4164
glyY,b4165
yjeV,b4670
queG,b4166
nnr,b4167
tsaE,b4168
amiB,b4169
mutL,b4170
miaA,b4171
hfq,b4172
hflX,b4173
hflK,b4174
hflC,b4175
yjeT,b4176
purA,b4177
nsrR,b4178
rnr,b4179
rlmB,b4180
yjfI,b4181
yjfJ,b4182
yjfK,b4183
yjfL,b4184
yjfM,b4185
yjfC,b4186
aidB,b4187
yjfN,b4188
bsmA,b4189
yjfP,b4190
ulaR,b4191
ulaG,b4192
ulaA,b4193
ulaB,b4194
ulaC,b4195
ulaD,b4196
ulaE,b4197
ulaF,b4198
yjfY,b4199
rpsF,b4200
priB,b4201
rpsR,b4202
rplI,b4203
yjfZ,b4204
ytfA,b4205
ytfB,b4206
fklB,b4207
cycA,b4208
ytfE,b4209
ytfF,b4210
qorB,b4211
ytfH,b4212
cpdB,b4213
cysQ,b4214
ytfI,b4215
ytfJ,b4216
ytfK,b4217
ytfL,b4218
msrA,b4219
tamA,b4220
tamB,b4221
ytfP,b4222
chpS,b4224
chpB,b4225
ppa,b4226
ytfQ,b4227
ytfR,b4485
ytfT,b4230
yjfF,b4231
fbp,b4232
mpl,b4233
yjgA,b4234
pmbA,b4235
cybC,b4236
nrdG,b4237
nrdD,b4238
treC,b4239
treB,b4240
treR,b4241
mgtL,b4702
mgtA,b4242
ridA,b4243
pyrI,b4244
pyrB,b4245
pyrL,b4246
yjgH,b4248
bdcA,b4249
bdcR,b4251
tabA,b4252
yjgL,b4253
argI,b4254
rraB,b4255
yjgM,b4256
yjgN,b4257
valS,b4258
holC,b4259
pepA,b4260
lptF,b4261
lptG,b4262
yjgR,b4263
idnR,b4264
idnT,b4265
idnO,b4266
idnD,b4267
idnK,b4268
ahr,b4269
leuX,b4270
intB,b4271
insC1_5,b4272
insD1_6,b4273
yjgX,b4575
yjgZ,b4277
insG,b4278
yjhB,b4279
yjhC,b4280
ythA,b4655
yjhD,b4281
yjhE,b4282
insO,b4623
insI1_3,b4284
insM,b4561
yjhV,b4286
fecE,b4287
fecD,b4288
fecC,b4289
fecB,b4290
fecA,b4291
fecR,b4292
fecI,b4293
insA_6,b4294
insB1_6,b4576
yjhU,b4295
yjhF,b4296
yjhG,b4297
yjhH,b4298
yjhI,b4299
sgcR,b4300
sgcE,b4301
sgcA,b4302
ryjB,b4624
sgcQ,b4303
sgcC,b4304
sgcB,b4565
sgcX,b4305
yjhY,b4656
yjhP,b4306
yjhQ,b4307
yjhX,b4566
yjhZ,b4657
yjhR,b4308
nanS,b4309
nanM,b4310
nanC,b4311
fimB,b4312
fimE,b4313
fimA,b4314
fimI,b4315
fimC,b4316
fimD,b4317
fimF,b4318
fimG,b4319
fimH,b4320
gntP,b4321
uxuA,b4322
uxuB,b4323
uxuR,b4324
yjiC,b4325
iraD,b4326
hypT,b4327
iadA,b4328
yjiG,b4329
yjiH,b4330
kptA,b4331
yjiJ,b4332
yjiK,b4333
yjiL,b4334
yjiM,b4335
yjiN,b4336
mdtM,b4337
yjiP,b4339
yjiR,b4340
yjiS,b4341
yjiT,b4342
yjiV,b4486
mcrC,b4345
mcrB,b4346
symE,b4347
symR,b4625
hsdS,b4348
hsdM,b4349
hsdR,b4350
mrr,b4351
yjiA,b4352
yjiX,b4353
yjiY,b4354
tsr,b4355
lgoT,b4356
lgoR,b4357
lgoD,b4358
opgB,b4359
yjjA,b4360
dnaC,b4361
dnaT,b4362
yjjB,b4363
yjjP,b4364
yjjQ,b4365
bglJ,b4366
fhuF,b4367
yjjZ,b4567
leuV,b4368
leuP,b4369
leuQ,b4370
rsmC,b4371
holD,b4372
rimI,b4373
yjjG,b4374
prfC,b4375
osmY,b4376
ytjA,b4568
yjjU,b4377
yjjV,b4378
yjjW,b4379
yjjI,b4380
deoC,b4381
deoA,b4382
deoB,b4383
deoD,b4384
yjjJ,b4385
lplA,b4386
ytjB,b4387
serB,b4388
radA,b4389
nadR,b4390
ettA,b4391
slt,b4392
trpR,b4393
yjjX,b4394
ytjC,b4395
rob,b4396
creA,b4397
creB,b4398
creC,b4399
creD,b4400
arcA,b4401
yjjY,b4402
yjtD,b4403
